,title,description,time_ago,link
0,Pakistan travel - Lonely Planet | Asia,"Pakistan is one of Asia's most affordable destinations. With these budget travel tips, you'll save on flights, accommodation, food and more. ... Whether you drive ...",Time not specified,https://www.lonelyplanet.com/pakistan
1,Pakistan Tourism Development Corporation,PTDC is owned by the Government of Pakistan (99.75% share). The Principal objective of the corporation is to promote and develop tourism in Pakistan.About PTDC · Tour Packages and Promotions · Contact Us,Careers in PTDC,https://tourism.gov.pk/
2,Pakistan International Travel Information,"Entry, Exit and Visa Requirements · Obtain your visa at the Pakistani Embassy or a Consulate prior to initiating travel to Pakistan.",Dual Nationals: Be aware ...,https://travel.state.gov/content/travel/en/international-travel/International-Travel-Country-Information-Pages/Pakistan.html
3,Pakistan Travel Advice & Safety | Smartraveller,"Australian Government travel advice for Pakistan. Reconsider your need to travel. Travel advice level ORANGE. Understand the risks, local safety and laws.",Time not specified,https://www.smartraveller.gov.au/destinations/asia/pakistan
4,Travel advice and advisories for Pakistan - Travel.gc.ca,Travel Advice and Advisories from the Government of Canada for Pakistan.,Time not specified,https://travel.gc.ca/destinations/pakistan
5,Pakistan Travel Advisory - Travel.gov,23-Jun-2023 · Pakistan - Level 3: Reconsider Travel · Visit our website for Travel to High-Risk Areas.,Remain aware of your surroundings and local events.,https://travel.state.gov/content/travel/en/traveladvisories/traveladvisories/pakistan-travel-advisory.html
6,Pakistan travel advice - GOV.UK,24-Jan-2024,"FCDO travel advice for Pakistan. Includes safety and security, insurance, entry requirements and legal differences.",https://www.gov.uk/foreign-travel-advice/pakistan
7,Pakistan Travel Places: Pakistan Tourism Services,We endeavor to enhance Pakistani lives and the places they live through feasible tourism and outdoor relaxation. Book your tours today: +92 321 410 6223.,Time not specified,https://pakistantravelplaces.com/
8,Travel Pakistani,"Travel Pakistani is an online marketplace to promote the domestic travel products of Pakistan. Our mission is to provide a platform for Tour Operators, ...",Time not specified,https://travelpakistani.com/
9,Pakistan - Department of Foreign Affairs - DFA,A valid passport is required for travel to Pakistan. Irish passports should have a minimum validity of 6 months. Passport cards cannot be used. There is a high ...,Time not specified,https://www.dfa.ie/travel/travel-advice/a-z-list-of-countries/pakistan/
10,Travel Advisory Updates - PIA | Great People to Fly With,"Travel Advisory Updates. Updates on Travel Advisories and Requirements. Dear ... © Copyright 2024, Pakistan International Airlines, All Right Reserved. By ...",Time not specified,https://www.piac.com.pk/travel-advisory-updates
11,Visit Pakistan - Embassy of Pakistan,Tourist Attractions Sites in Pakistan. Here are a few pictures of breath-taking views and beautiful landscapes from Pakistan captured by famous Pakistani ...,Time not specified,https://pakistanembassy.se/visit-pakistan/
12,Pakistan – Travel guide at Wikivoyage,"The largest and most remote province, its lack of infrastructure and a low-level insurgency can make for rough travelling. It is, however, home to the world's ...",Time not specified,https://en.wikipedia.org/wiki/voy:Pakistan
13,14 things you need to know before traveling to Pakistan,02-Sept-2023 · 14 things you need to know before traveling to Pakistan · 1. Choose the right season for the areas you are visiting,2. You'll probably need a ...,https://www.lonelyplanet.com/articles/things-to-know-before-traveling-to-pakistan
14,Best Pakistan Tours & Holidays 2024/2025 | Intrepid Travel EN,"Rating  5.0  (10) Join an Tour to Pakistan with Intrepid Travel. Trek the Karakorams, explore the Hindu Kush and immerse yourself in the cities of Islamabad and Lahore.",Time not specified,https://www.intrepidtravel.com/en/pakistan
15,Entry requirements - Pakistan travel advice - GOV.UK,"Travel to Pakistan. There are no COVID-19 vaccination requirements for travellers entering Pakistan. On 3 January, owing to a rising number of cases in some ...",Time not specified,https://www.gov.uk/foreign-travel-advice/pakistan/entry-requirements
16,Pakistan 2024: Best Places to Visit - Tripadvisor,"Pakistan Tourism: Tripadvisor has 88333 reviews of Pakistan Hotels, Attractions, and Restaurants making it your best Pakistan resource.",Time not specified,https://www.tripadvisor.com/Tourism-g293959-Pakistan-Vacations.html
17,Pakistan - Business Travel - International Trade Administration,12-Jan-2024,"1, 2, 5, and 10) and banknotes (Rs.10, Rs.20, Rs.50, Rs.75, Rs.100, Rs.500, Rs.1,000, Rs.5,000). Foreign visitors can utilize the services of ...",https://www.trade.gov/country-commercial-guides/pakistan-business-travel
18,Tourist Visa - Pakistan Online Visa System,Processing Time · Entry (Up to 3 Months) : 7-10 days (Working Days) · Extension (Up to 6 Months) : 7-10 days (Working Days),Extension (Greater than 6 Months) ...,https://visa.nadra.gov.pk/tourist-visa/
19,Tourism in Pakistan - Wikipedia,"By comparison, Pakistan's domestic tourism industry is estimated at 50 million tourists who travel in the country on short trips usually between May and August.",Time not specified,https://en.wikipedia.org/wiki/Tourism_in_Pakistan
20,TBP (@travelbeautifulpakistan) • Instagram photos and videos,"Discover Pakistan's beauty through captivating travel content. Explore breathtaking landscapes, vibrant cultures, and unforgettable adventures. 761 posts",Time not specified,https://www.instagram.com/travelbeautifulpakistan/%3Fhl%3Den
21,The Ultimate Pakistan Travel Guide - Wild Frontiers,02-Aug-2023,"What should I wear? ... Pakistan is a conservative country. Travellers to Pakistan are, therefore, advised to dress conservatively. Headscarfs are ...",https://www.wildfrontierstravel.com/en_GB/blog/guide-to-travelling-in-pakistan
22,Pakistan Travel Guide | Muzaffarabad - Facebook,"Rating  4.9  (198) Pakistan Travel Guide, Muzaffarabad. 208909 likes · 3739 talking about this",48 were here. Book Your Travel Deals with Pakistan Travel Guide!,https://www.facebook.com/pakistantravelguide.pk/
23,Pakistan Travel & Tours,"Services. At Pakistan travel & Tours, our personalized tour plans are designed for relaxation, to rejuvenate your energy and to get your precious time spent ...",Time not specified,https://www.pakistantours.pk/
24,Useful tips for traveling to Pakistan in 2024 - Against the Compass,04-Jan-2024,"Get a VPN for traveling in Pakistan. You should always use a VPN when you travel, especially when you connect to public Wi-Fi networks. Your ...",https://againstthecompass.com/en/things-to-know-before-trip-to-pakistan/
25,Travel Facts - Pakistan - CIA,12-Sept-2023,The US Department of State currently recommends US citizens Reconsider Travel to Pakistan due to terrorism. Some areas have increased risk.,https://www.cia.gov/the-world-factbook/countries/pakistan/travel-facts
26,Pakistan - Department of Foreign Affairs and Trade,Read the travel advice for Pakistan · Subscribe to updates · Get the right travel insurance,"For how we can help Australians overseas, see the Consular services ...",https://www.dfat.gov.au/geo/pakistan
27,Pakistan - Fit for Travel,Courses or boosters usually advised: Diphtheria; Hepatitis A; Poliomyelitis; Tetanus; Typhoid. Other vaccines to consider: Hepatitis B; Rabies. Selectively ...,Time not specified,https://www.fitfortravel.nhs.uk/destinations/asia-central/pakistan
28,Pakistan Civil Aviation Authority: PCAA,... Travel To/ From Pakistan · Safety is the first part of my duty - FOD WALK AT MIAP,Implementation of the right of access to information ACT 2017_0001. Return ...,https://caapakistan.com.pk/
29,Government Current Travel Advisory - Embassy of Pakistan,i. The requirement for mandatory COVID-19 vaccine certificate at the time of arrival to Point of entry in Pakistan has been abolished. ii. All ...,Time not specified,https://pakistanembassy.se/covid-19/covid-19-government-current-travel-advisory/
30,Pakistan Civil Aviation Authority: PCAA,... Travel To/ From Pakistan · Safety is the first part of my duty - FOD WALK AT MIAP,Implementation of the right of access to information ACT 2017_0001. Return ...,https://caapakistan.com.pk/
31,Travel Advice for Pakistan,CONSULATE GENERAL OF DENMARK · Karachi,Tel +92 318 499 5887.,https://pakistan.um.dk/en/travel-and-residence/travel-advice-for-pakistan
32,8 Big Reasons to Travel to Pakistan | Intrepid Travel Blog - The Journal,31-May-2023 · 8 reasons to travel to Pakistan · #1. It boasts some of the world's best treks · #2. The scenery is out of this world,#3. It's home to the ...,https://www.intrepidtravel.com/adventures/reasons-to-travel-to-pakistan/
33,Pakistan holidays | Travel | The Guardian,"Pakistan is dubbed ""the most dangerous country in the world"". So what would Homa Khaleeli's English fiance make of it on his first trip there?",Time not specified,https://www.theguardian.com/travel/pakistan
34,Is Pakistan Safe For Travel? Here's The Truth. - Lost With Purpose,19-Jan-2024,"Is Pakistan safe to travel? If you want to travel to Pakistan, Pakistan is currently safe for travelers of all genders. There are still security ...",https://www.lostwithpurpose.com/is-pakistan-safe/
35,Tourist Visa on Arrival - Pakistan Online Visa System - NADRA,Required Documents · Photograph · Passport · Invitation Letter by the sponsor or hotel booking details in case of individual tourist,Invitation Letter in case ...,https://visa.nadra.gov.pk/visa-on-arrival-tourist/
36,Department of Tourist Services,Highlights of Department of Tourist Services' flag-hoisting and cake cutting ceremony with representatives of Pakistan tour operators association &... Read ...,Time not specified,http://dts.gov.pk/
37,What's Travelling Solo in Pakistan Like? (First-Time ... - YouTube,19-Mar-2022,"I show you how to travel in Pakistan, how much things cost, what the food is like, and how ...Duration: 17:19Posted: 19-Mar-2022",https://www.youtube.com/watch%3Fv%3D8X3AXt7N-DQ
38,Pakistan - Traveler view | Travelers' Health - CDC,Travel Health Notices. Be aware of current health issues in Pakistan. Learn how to protect yourself. Level 2 Practice Enhanced Precautions. Global ...,Time not specified,https://wwwnc.cdc.gov/travel/destinations/traveler/none/pakistan
39,Travel Guide - Federal Board Of Revenue Government Of Pakistan,"Green Channel, as the color signifies, means freely passing without any Customs formalities. This is for the passengers who do not posses articles or goods that ...",Time not specified,https://www.fbr.gov.pk/categ/travel-guide/51149/80881/131180
40,Travel Guide - Federal Board Of Revenue Government Of Pakistan,"Green Channel, as the color signifies, means freely passing without any Customs formalities. This is for the passengers who do not posses articles or goods that ...",Time not specified,https://www.fbr.gov.pk/categ/travel-guide/51149/80881/131180
41,Pakistan - Ministry of Foreign Affairs Singapore,Singaporeans are required to obtain a visa at https://visa.nadra.gov.pk before travelling to Pakistan. Travellers are advised to contact their travel agency ...,Time not specified,https://www.mfa.gov.sg/countries-regions/p/pakistan/travel-page
42,"Pakistan Travel Blog - Tips, Guides and Advisory 2024","About US. Pakistan Travel Blog aims to help all travelers (international and domestic). We provide tips, resources and guides (travel, food, visa, etc). We also ...",Time not specified,https://www.pakistantravelblog.com/
43,Pakistan Travel Guide - National Geographic,National Geographic's latest travel stories about Pakistan.,Time not specified,https://www.nationalgeographic.com/travel/destination/pakistan
44,What is it like to travel in PAKISTAN? - YouTube,01-Nov-2018,Subscribe now: https://goo.gl/6zXZGK Watch the full series now: https://youtu.be/Xdya8eym9nM ...Duration: 3:40Posted: 01-Nov-2018,https://www.youtube.com/watch%3Fv%3D7mIzRYh8jGA
45,Pakistan - BBC,"Part meat pie, part paratha, and oddly reminiscent of a quesadilla, it is a hearty staple synonymous with world-renowned Hunza hospitality. 5 Aug 2023. Travel.",Time not specified,https://www.bbc.com/travel/destinations/pakistan
46,Tourism and Hospitality | Board Of Investment,"Pakistan is home to a number of UNESCO world heritage sites like, Archaeological Ruins at Moenjodaro, Buddhist Ruins of Takht-i-Bahi and Neighbouring City ...",Time not specified,http://invest.gov.pk/tourism-and-hospitality
47,Pakistan - Wikitravel,"... Pakistan-continue-to-decline-report), some foreign governments still advise against travel to Pakistan. The Government of Pakistan maintains heightened ...",Time not specified,https://wikitravel.org/en/Pakistan
48,Travel advice for Pakistan - EDA,The Helpline FDFA deals as central contact point with matters relating to consular services. Fax +41 58 462 78 66. helpline@eda.admin.,Time not specified,https://www.eda.admin.ch/eda/en/fdfa/representations-and-travel-advice/pakistan/travel-advice-pakistan.html
49,Pakistan - World Travel Guide,"Pakistan-administered Kashmir. FCDO advises against all travel to within 10 miles of the India-Pakistan border area within Pakistan-administered Kashmir, known ...",Time not specified,https://www.worldtravelguide.net/guides/asia/pakistan/
50,Best time to visit Pakistan - Responsible Travel,"The best time to go to Pakistan is May-Oct. Cities can hit over 40°C in midsummer, as can the Chitral Valley; while the Hunza Valley might dip below 20°C at the ...",Time not specified,https://www.responsibletravel.com/holidays/pakistan/travel-guide/best-time-to-visit-pakistan
51,Travel Guide - Consulate General of Pakistan,Travel Guide · Mandatory registration on Pass track App by all inbound travelers before traveling to Pakistan.,Please be informed and up to date with the ...,https://pakistanconsulatehouston.org/travel-guide/
52,Pakistan Travel Guide | Pegasus Airlines,"In accordance with the terms set forth in the Pegasus Privacy Policy, I consent to be contacted via the communication channel(s) I have shared above in relation ...",Time not specified,https://www.flypgs.com/en/travel-guide/pakistan
53,Pakistan | Travel Advice | Department Of Foreign Affairs - this is Ireland,General Travel Advice. Irish citizens require a visa to enter Pakistan. Irish citizens may apply for a visa online through the Pakistani Government's Official ...,Time not specified,https://www.ireland.ie/en/dfa/overseas-travel/advice/pakistan/
54,Visas - Use our new U.S. Visa Wizard!,Travel Advisory Level 3: Reconsider Travel Travel Advisory Level 3: Reissued with updates to health information. Read More... U.S. Embassy Pakistan Seal ...,Time not specified,https://pk.usembassy.gov/visas/
55,DESTINATIONS - Travel Across Pakistan - Premium Travel Magazine,DESTINATIONS is Pakistan's premium Travel and Lifestyle Magazine. Focusing on promoting tourism in Pakistan while promoting a better image of country.,Time not specified,https://destinations.com.pk/
56,Pakistan Travel Mart | Islamabad - Facebook,"Pakistan Travel Mart works in alignment with the vision of our Prime Minister to revive, rebuild and restart tourism in Pakistan. ""PTM 2022"" is all set to ...",Time not specified,https://www.facebook.com/ptmexpo/
57,30% Off Pakistan Tour Packages 2024 - Explore Pakistan Tours,"As a destination Management Company, PakistanTourandTravel focuses on offering domestic tour packages at affordable rates. So, our services range from family ...",Time not specified,https://pakistantourntravel.com/
58,"Pakistan - Latest News, Travel regulations, Coronavirus regulations ...","When you enter the airport, you may be thermal scanned by the Pakistani authorities. If you have a high temperature or other COVID-19 symptoms, you will not be ...",Time not specified,https://travelbans.org/en/asia/pakistan
59,Pakistan Tourism Guide,"Contact Us. Trade Development Authority of Pakistan 5th Floor, Block A, Finance & Trade Centre P.O. Box No. 1293, Shahrah-e-Faisal, Karachi 75200 Pakistan.",Time not specified,https://tdap.gov.pk/pakistan-tourism-guide/
60,"Pakistan | Travel guide, tips and inspiration - Wanderlust Magazine",Offer and accept food with your right hand. Be culturally considerate – both sexes should cover their legs and shoulders at all times; ladies should carry a ...,Time not specified,https://www.wanderlust.co.uk/destinations/pakistan/
61,30% Off Pakistan Tour Packages 2024 - Explore Pakistan Tours,"As a destination Management Company, PakistanTourandTravel focuses on offering domestic tour packages at affordable rates. So, our services range from family ...",Time not specified,https://pakistantourntravel.com/
62,The Ultimate Pakistan Travel Guide | 15 Travel Tips - YouTube,14-Aug-2021,"Pakistan a truly diverse country with stunning places to explore, things to do, great people and ...Duration: 15:13Posted: 14-Aug-2021",https://www.youtube.com/watch%3Fv%3DOB4lZ_NSbes
63,Apply for a US Visa,11-Oct-2023 · in Pakistan. Home · Login · Contact Us,"FAQ. bing. Interview Waiver ... For more information, visit https://wwwnc.cdc.gov/travel/page/before- ...",https://www.ustraveldocs.com/pk/
64,45 Things You Should Know Before Traveling to Pakistan,22-Jun-2021,"Some parts of the KKH are in great shape. Other sections are plagued by constant landslides, rock falls, and general mayhem bestowed upon it ...",https://offtheatlas.com/pakistan-travel-tips/
65,Pakistan Tourism (@PakistanJannatt) / X,"Biggest platform of Pakistan Tourism on Twitter. Promotion of Tourism in Pakistan, Latest Updates Info about Tourist Spots,",Time not specified,https://twitter.com/pakistanjannatt%3Flang%3Den
66,Pakistan Tour & Travel Packages 2023 - TripVenture,LIST OF 12 PAKISTAN TOUR PACKAGES WHICH ARE MOST RECOMMENDED · Family Trip to Azad Kashmir · 3 Days Honeymoon Travel Package to Neelum Valley,5 Days Travel ...,https://tripventure.com.pk/
67,20 AMAZING Reasons Why You Should Travel to Pakistan (2024),03-Jan-2024 · 20 AMAZING Reasons Why You Should Travel to Pakistan (2024) · 1. People are Simply Amazing · 2. Unbelievable Landscapes,3. Everything is ...,https://www.thebrokebackpacker.com/travel-to-pakistan/
68,FCM Travel in Pakistan,"As a world class travel management consultancy, FCM Pakistan endeavours to provide you with modern, professional, bespoke travel management services to ...",Time not specified,https://www.fcmtravel.com/en/about-us/global-network/pakistan
69,This Popular Solo Female Travel Vlogger Thinks Pakistan Could Be ...,11-Oct-2019,"EZB: I spent such a long time in Pakistan that I ended up traveling in all sorts of constellations: in a group, with friends, with a team, and ...",https://www.forbes.com/sites/breannawilson/2019/10/11/this-popular-solo-female-travel-vlogger-thinks-pakistan-could-be-the-worlds-1-tourism-destination/
70,Pakistan Travel Guide: Everything To Know Before You Go,"Pakistan's culture is varied and vibrant, albeit very conservative. Religion dictates and influences culture at almost every level. Keep that in mind and tread ...",Time not specified,https://www.lostwithpurpose.com/pakistan-travel-guide/
71,Travel Guide - Federal Board Of Revenue Government Of Pakistan,A quantity of goods imported prima facie for trading or pecuniary gain and not for personal use or gift. Prohibited articles or goods. Are those which ...,Time not specified,https://www.fbr.gov.pk/categ/travel-guide/51149/80881/%2520131182
72,One Month Backpacking Pakistan Itinerary in 2024 - BucketListly Blog,"Within big cities like Lahore and Islamabad, Uber is the cheapest and most convenient way to travel around the city. A rickshaw is also a good option in Lahore ...",Time not specified,https://www.bucketlistly.blog/posts/pakistan-travel-guide-one-month-itinerary
73,Getting around - World Travel Guide,"There are many daily flights between Islamabad, Karachi, Lahore, Multan, Peshawar, Sukkur, Faisalabad and Quetta. Road. The roads in Pakistan can be chaotic and ...",Time not specified,https://www.worldtravelguide.net/guides/asia/pakistan/getting-around/
74,BCD Travel | Pakistan - BCD Travel,"BCD Travel in Pakistan Partnering for profitable travel management. Providing travelers with the most advanced tools for safety, security and increased ...",Time not specified,https://www.bcdtravel.com/country/pakistan/
75,Travel Safety Pakistan - stay safe with World Nomads,"Inter Partner Assistance S.A. UK Branch office address is 106-118 Station Road, Redhill, RH1 1PR. Inter Partner Assistance S.A. is part of the AXA Group.",Time not specified,https://www.worldnomads.com/travel-safety/southern-asia/pakistan
76,Travel & Tourism - Pakistan | Statista Market Forecast,The Travel & Tourism market in in Pakistan is projected to grow by 3.59% (2024-2028) resulting in a market volume of US$3918.00m in 2028.,Time not specified,https://www.statista.com/outlook/mmo/travel-tourism/pakistan
77,Pakistan holidays & tours in 2024 & 2025 - Responsible Travel,33 matching Pakistan holidays found · Nangma and Thallay La trek in Pakistan · Hunza Valley cultural tour in Pakistan · K2 Basecamp trek in Pakistan,Pakistan ...,https://www.responsibletravel.com/holidays/pakistan
78,10 Best Pakistan Tours & Trips 2024/2025 - TourRadar,"Rating  4.5  (5,380) 126 Pakistan tour packages with 108 reviews · 11 Days Trek Nanga Parbat Base Camp & Hunza Gojal Valley Pakistan",08 Days Overland Tour Hunza Gojal Valley Gilgit ...,https://www.tourradar.com/d/pakistan
79,10 Best Pakistan Tours & Trips 2024/2025 - TourRadar,"Rating  4.5  (5,380) 126 Pakistan tour packages with 108 reviews · 11 Days Trek Nanga Parbat Base Camp & Hunza Gojal Valley Pakistan",08 Days Overland Tour Hunza Gojal Valley Gilgit ...,https://www.tourradar.com/d/pakistan
80,Pakistan Association of Tour Operators,"With their nation-wide networks and supportive infrastructure, PATO members can help to organise tours anywhere in Pakistan. Moreover, since PATO itself closely ...",Time not specified,https://www.pato.org.pk/
81,Travel requirements by destination | COVID-19 information hub,... Travel requirements for Dubai(Opens page in the same tab). Search and book flights. Book now. Read more. West Asia Pakistan. Pakistan. WEST ASIA. Pakistan. No ...,Time not specified,https://www.emirates.com/pk/english/help/covid-19/travel-requirements-by-destination/
82,Tourplanner.pk: Pakistan Tour Packages | Pakistan Honeymoon Trip ...,Tour Planner · Khel Neelum Valley. Visit the untouched. Khel Neelum Valley,Khunjrab Pass Hunza. North of Pakistan. Khunjrab Pass Hunza ...,https://www.tourplanner.pk/
83,Travel advice for Pakistan - EDA,16-Aug-2021,Online desk FDFA. Using the FDFA's online consular services while abroad. The relevant Swiss representation abroad can answer any questions ...,https://www.eda.admin.ch/countries/pakistan/en/home/travel-advice/current-situation.html
84,Pakistan - Healthy Travel Packing List - CDC,"Make sure prescriptions include generic names. Bring prescriptions for medicines, eye glasses/contacts, and other medical supplies. Contact card",Time not specified,https://wwwnc.cdc.gov/travel/destinations/pakistan/traveler/packing-list
85,Pakistan Travel and Culture Services local DMC touroperator hotels ...,One of the oldest and best Tour-operators in Pakistan since 1997 · 10 Days Gilgit Chitral Jeep safari · Cholistan Camel Safari,16 days Deosai Plains/Fairy ...,https://www.travel-culture.com/
86,Pakistan with kids: A complete guide to family travel in Pakistan!,"Clifton Beach: This is a great place to visit in Karachi with kids! There are horses and camels to ride, 4×4 buggies, ice creams galore and waves to splash in.",Time not specified,https://awaywiththesteiners.com/pakistan-with-kids/
87,Insight Guides Pakistan (Travel Guide with Free eBook) - Amazon.com,Rating  4.4  (39)   · US$27.99Book overview · About the Author · About the author · Frequently bought together · From the Publisher · Land of the Indus,Discover the best of Pakistan and ...,https://www.amazon.com/Insight-Guides-Pakistan-Travel-Guide/dp/1789193028
88,Pakistan,"Smartraveller has the latest, authoritative travel advice so you can be informed and prepared about overseas travel. Subscribe to receive travel advice updates ...",Time not specified,https://pakistan.embassy.gov.au/islm/home.html
89,LIST OF DESIGNATED TOUR OPERATORS IN PAKISTAN,"Sehri Travels & Tourism, Peshawar. 13. Pakistan Tours Ltd., PTL. Flashman Hotel, Rawalpindi. 14. Muital Travel & Tourism, Int., (Pvt) Ltd, Office No. 10 ...",Time not specified,https://mofa.gov.pk/press-releases/list-of-designated-tour-operators-in-pakistan
90,"Health Alert- U.S. Mission to Pakistan (January 8, 2024)",08-Jan-2024,Travel Advisory Level 3: Reconsider Travel Travel Advisory Level 3: Reissued with updates to health information. ... Pakistan. Event: COVID-19 ...,https://pk.usembassy.gov/health-alert-u-s-mission-to-pakistan-january-8-2024/
91,Travel & Study | EEAS - European Union,Passports and visas are issued by the Embassy and/or Consulate of each individual EU Member State. Citizens of Pakistan require a Schengen visa for travelling ...,Time not specified,https://www.eeas.europa.eu/pakistan/travel-study_en%3Fs%3D175
92,Non-Pakistani passport holder,"Polio Vaccination requirement for travel to India. All foreigners require a visa to visit India. In case you are a Pakistani passport holder, please click ...",Time not specified,https://www.india.org.pk/pages.php%3Fid%3D115
93,Is Pakistan Safe? Essential Travel Tips for Visitors - World Nomads,14-May-2021,"While the province itself is generally safe from terrorism and foreign tourists can now visit the cities of Muzaffarabad and Mirpur, towns and ...",https://www.worldnomads.com/travel-safety/southern-asia/pakistan/areas-to-avoid-in-pakistan
94,Visa: General Information - Federal Foreign Office,logo German Missions in Pakistan ... Please first read the German Mission´s Important notes to our visitors. Pakistani citizens need a visa to travel to Germany.,Time not specified,https://pakistan.diplo.de/pk-en/service/-/2208622
95,20 delicious reasons to visit Pakistan - CNN,"Pakistan is a country passionate about its food, which is full of flavor and ... Travel · Destinations · Food & Drink · Stay · News · Videos · Sports",Pro ...,https://www.cnn.com/travel/article/pakistan-best-food/index.html
96,Pass Track,Government of Pakistan. Enter Email Address / Mobile Number ای میل ایڈریس / موبائل نمبر درج کریں. Enter Password پاس ورڈ درج کریں. Remember Me. Sign In. Forget ...,Time not specified,https://passtrack.nitb.gov.pk/
97,Pakistan High Commission - London,Useful Information · British Pakistan Student Portal · Pak UK Relations · About Pakistan · Trade & Investment · Travel & Tourism · Kashmir Dispute,Community Affairs ...,https://www.phclondon.org/
98,Covid-19 - Consulate General of Pakistan,"All those intended come to Pakistan are requested to enter their credentials in this app , pay or to travel. download novel CORONAVIRUS travel advisory covid-19 ...",Time not specified,https://pakistanconsulatehouston.org/upcoming-events-2-2/
99,Things You MUST KNOW Before Visiting Pakistan - YouTube,15-Feb-2020,"Are you travelling to Pakistan? In this video, we share everything you need to know before ...Duration: 11:35Posted: 15-Feb-2020",https://www.youtube.com/watch%3Fv%3D8w93wTZdOvo
100,DOMESTIC TRAVEL AND TOURISM IN PAKISTAN,Overview. This benchmark document provides a strategic overview of the current tourism landscape of Pakistan. It shall serve the purpose of a grander effort of ...,Time not specified,https://efp.org.pk/domestic-travel-and-tourism-in-pakistan/
101,travel agency licensing process - Department of Tourist Services,"3, Character verification ; 4, Inspection of premises by DTS ; 5, Issuance of demand note for registration / license fee and bank guarantee or defer application ...",Time not specified,http://dts.gov.pk/Detail/OGVlZjEwNmYtNmM5OC00MTFiLWJkOWEtZDMyMmY1MmM3YjIz
102,DGI&P: Welcome,"Every Citizen of Pakistan is entitled to Machine Readable Passport for traveling abroad, subject to completion of all codal formalities. Important Note ...",Time not specified,https://dgip.gov.pk/
103,Polio vaccination certificate - Pakistan Polio Eradication Programme,Unvaccinated people can get infected with poliovirus and spread it to others too. Polio vaccination prior to travel helps protect travelers and stops the virus ...,Time not specified,https://www.endpolio.com.pk/certificate/vaccination-certificate
104,Travelling Pakistan پاکِستان - YouTube,05-Nov-2022,"Share your videos with friends, family, and the world.",https://www.youtube.com/playlist%3Flist%3DPLMhislZnB_6cwt8afv6yTUjsifODUuOFX
105,Pakistan - NaTHNaC,"Due to COVID-19, travel advice is subject to rapid change. Countries may change entry requirements and close their borders at very short notice. Travellers must ...",Time not specified,https://travelhealthpro.org.uk/country/171/pakistan
106,Wego.pk - The #1 Travel Booking Website For Flights & Hotel Deals,Book your flights & hotels on Wego.pk ✈ Compare over 1000 booking sites ✓ Find the lowest price ✓ Fast & easy booking ✓ Find out more now.,Time not specified,https://www.wego.pk/
107,Promoting Responsible Tourism in Pakistan's North - World Bank,07-Nov-2023,"This year, the World Tourism Day celebrated private sector's role in developing sustainable tourism through green investments.",https://www.worldbank.org/en/news/feature/2023/11/01/promoting-responsible-tourism-in-pakistan-s-north
108,Emergency Travel Document,Emergency Travel Document (Outpass) for “Voluntary Repatriation” to Pakistan (Pakistani nationals only) · 1.,Application for ETD will only be accepted on the ...,https://www.pakmissionfrankfurt.de/emergency-travel-document
109,"Welcome to Tourism, Archaeology and Museums Department ...","Occupying the far south of Punjab, Cholistan is the largest desert in Pakistan, covering over 25,000 sq. kms area. It extends south into the Thar Desert in ...",Time not specified,https://tourism.punjab.gov.pk/
110,Mastercard World Credit Card | SC Pakistan - Standard Chartered,Your ultimate travel partner. Earn World Miles on your spend and make everyday unforgettable with exclusive benefits and privileges from around the world.,Time not specified,https://www.sc.com/pk/credit-cards/mastercard-world/
111,Can Pakistan leverage tourism into prosperity? - The Express Tribune,01-Oct-2023,"Pakistan's limited nightlife can be an adjustment for tourists used to vibrant evenings. To improve the experience, the government can extend ...",https://tribune.com.pk/story/2438618/can-pakistan-leverage-tourism-into-prosperity
112,Travel permission of 9 Indian Nationals holding appropriate visa on ...,Welcome to the Official Website of the High Commission of India in Islamabad Pakistan.,Time not specified,https://www.india.org.pk/event.php%3Fid%3D163
113,10 Best Pakistan Tour Companies & Operators 2024/2025,List of Pakistan travel companies & tour operators with 27309 reviews · Crossroads Adventure · Exploria · Agate Travel · Hunza Explorers,Rock Valley Tours Pvt ...,https://www.tourradar.com/g/pakistan-tour-operators
114,"E-Visa - Embassy of Pakistan, Paris",Government of Pakistan has launched E-Visa facility in the following categories. Parents Consent Form for Visa Applications Under 16 years of Age,Tourist Visa ...,http://www.pakembparis.com/e-visa/
115,Travel Grants for Non-Development - Pakistan Science Foundation,A regular/full time employee of the Govt. or Public Sector R&D organization/ Public Sector HEC recognized university/Chartered University recognized by the HEC ...,Time not specified,https://psf.gov.pk/travel-grants.aspx
116,Chapter XVII - State Bank of Pakistan,(iv) Airlines and Travel Agents should make the following endorsements on tickets issued to passengers travelling within Pakistan or to Afghanistan: (a) For ...,Time not specified,https://www.sbp.org.pk/fe_manual/chapters/chapter17.htm
117,Pakistan offices - Business Travel Management - CWT,CWT Pakistan has been an integral part of the CWT Global Partners Network since December 2008 and has established itself as one of the leading travel agencies ...,Time not specified,https://www.mycwt.com/countries/pakistan/
118,11 Things To Know Before Visiting Pakistan - Culture Trip,15-Jul-2018,"Pakistan is still catching up on paperless transactions and relies heavily on cash, so while you should have your bank cards, do keep a ...",https://theculturetrip.com/asia/pakistan/articles/things-to-know-before-visiting-pakistan
119,"Anatolia Travel Services (Pvt) Limited ® | pakistan visa, turkish visa ...",Anatolia Travel Services is legal authorized company for applying a visa for the Republic of Türkiye in Pakistan.,Time not specified,https://www.anatoliatravelservices.com/
120,Pakistan - Carnet De Passages,"To enquire for a CPD from Pakistan , follow these simple steps: ... 1. Fill out the form below providing basic details about your vehicle and travel destination.",Time not specified,https://carnetdepassage.org/country/pakistan/
121,United Kingdom issues new travel advisory for Pakistan - Samaa TV,26-Oct-2023,"It advises against all but essential travel to specific areas in Pakistan, including some regions of Khyber Pakhtunkhwa, Balochistan, and Sindh ...",https://www.samaa.tv/208733289-united-kingdom-issues-new-travel-advisory-for-pakistan
122,10 Days in Northern Pakistan - World of Wanderlust,"This itinerary follows my 10-day adventure throughout Pakistan, starting in Islamabad. The tour was put together by our guide Atta (you can email him here) who ...",Time not specified,https://worldofwanderlust.com/guide-to-pakistan-itinerary-10-days-in-northern-pakistan/
123,Travel Walji's,"We design custom tours to Pakistan's most popular destinations, from a relaxing getaway to white river rafting through the Karakoram Range, we have something ...",Time not specified,https://waljis.com/
124,Welcome to Gilgit Baltistan,"Pakistan holds attraction for tourists. But unfortunately the tourist industry is going down, even i... Admin Tourism.",Time not specified,https://visitgilgitbaltistan.gov.pk/
125,"CoViD 19 - Embassy of Pakistan, Berlin","Mandatory COVID-19 RT-PCR required prior to travel. Starting 5th October 2020, all International Travelers to Pakistan will require a mandatory negative COVID- ...",Time not specified,https://pakemb.de/category/news/covid-19/
126,Pakistani BLS Spain Visa: Welcome to the Official Website Spain ...,"... Pakistan, Spain Visa for Pakistani Passport Holder, Business Visa to Spain from Pakistan ... Travel Insurance is mandatory for travelling to Spain. You may get ...",Time not specified,https://pak.blsspainvisa.com/
127,Pakistan offices - Business Travel Management - CWT,CWT Pakistan has been an integral part of the CWT Global Partners Network since December 2008 and has established itself as one of the leading travel agencies ...,Time not specified,https://www.mycwt.com/countries/pakistan/
128,11 Things To Know Before Visiting Pakistan - Culture Trip,15-Jul-2018,"Pakistan is still catching up on paperless transactions and relies heavily on cash, so while you should have your bank cards, do keep a ...",https://theculturetrip.com/asia/pakistan/articles/things-to-know-before-visiting-pakistan
129,"Anatolia Travel Services (Pvt) Limited ® | pakistan visa, turkish visa ...",Anatolia Travel Services is legal authorized company for applying a visa for the Republic of Türkiye in Pakistan.,Time not specified,https://www.anatoliatravelservices.com/
130,Pakistan - Carnet De Passages,"To enquire for a CPD from Pakistan , follow these simple steps: ... 1. Fill out the form below providing basic details about your vehicle and travel destination.",Time not specified,https://carnetdepassage.org/country/pakistan/
131,Pakistan travel guide - Destinations - flydubai,Pakistan travel guide ... Pakistan enjoys a wealth of natural and historic treasures from the Karakoram Mountain Range to the Lahore Fort. One of the most ...,Time not specified,https://www.flydubai.com/en/destinations/indian-subcontinent/pakistan/
132,United Kingdom issues new travel advisory for Pakistan - Samaa TV,26-Oct-2023,"It advises against all but essential travel to specific areas in Pakistan, including some regions of Khyber Pakhtunkhwa, Balochistan, and Sindh ...",https://www.samaa.tv/208733289-united-kingdom-issues-new-travel-advisory-for-pakistan
133,10 Days in Northern Pakistan - World of Wanderlust,"This itinerary follows my 10-day adventure throughout Pakistan, starting in Islamabad. The tour was put together by our guide Atta (you can email him here) who ...",Time not specified,https://worldofwanderlust.com/guide-to-pakistan-itinerary-10-days-in-northern-pakistan/
134,Travel Walji's,"We design custom tours to Pakistan's most popular destinations, from a relaxing getaway to white river rafting through the Karakoram Range, we have something ...",Time not specified,https://waljis.com/
135,Welcome to Gilgit Baltistan,"Pakistan holds attraction for tourists. But unfortunately the tourist industry is going down, even i... Admin Tourism.",Time not specified,https://visitgilgitbaltistan.gov.pk/
136,Travel Grant for Pakistani Researchers - HEC,Prime Minister's Youth Program is a special initiative launched by the Government of Pakistan in 2013 for five (05) years. The Youth Program​ comprise... ... HEC ...,Time not specified,https://www.hec.gov.pk/english/services/faculty/HEC%2520Research%2520Travel%2520Grant/Pages/HEC-Research-Travel-Grant.aspx
137,"Health Alert- U.S. Mission to Pakistan (January 8, 2024)",08-Jan-2024,Travel Advisory Level 3: Reconsider Travel Travel Advisory Level 3: Reissued with updates to health information. ... Pakistan. Event: COVID-19 ...,https://pk.usembassy.gov/health-alert-u-s-mission-to-pakistan-january-8-2024/
138,Tourist visa - Federal Foreign Office - German Mission in Pakistan,Sight-seeing in Germany ?,Time not specified,https://pakistan.diplo.de/pk-en/service/3-tourist-visa-seite/1673122
139,Integrated Border Management System - Federal Investigation Agency,... Pakistan's image globally. Crime feeds upon the inability of states to ensure reliable identity/credible travel documents for its citizens and visas for ...,Time not specified,https://fia.gov.pk/ibms
140,"YUGO.pk - Travel Website in Pakistan Book Flights Ticket, Visas ...","Best travel company in Pakistan. Access guaranteed lowest prices on domestic and international flights, visa assistance, hotel booking, and 24x7 customer ...",Time not specified,https://www.yugo.pk/
141,[PDF] A MANUAL ON TRAVELLING ALLOWANCE RULES - AGPR,"Director General, Pakistan Public Administration Research Centre, Islamabad. All rights reserved. No Part of this publication can be reproduced in any form or ...",Time not specified,https://agpr.gov.pk/download/Manual%2520of%2520Travelling%2520Allowance.pdf
142,Adventure Tours Pakistan: Home,Welcome to Adventure Tour Pakistan ... Adventure Tours Pakistan is a travel and tour servicing company that has been in operations for over three decades.,Time not specified,https://atp.com.pk/
143,Everything You Need To Know Before Traveling To Pakistan.,11-Aug-2020,"Pants or trousers with any sort of shirt will be sufficient for men for daily wear. You can wear t-shirts, polos, and formal shirts with no one ...",https://www.unusualtraveler.com/everything-you-need-to-know-before-traveling-to-pakistan/
144,"CoViD 19 - Embassy of Pakistan, Berlin","Mandatory COVID-19 RT-PCR required prior to travel. Starting 5th October 2020, all International Travelers to Pakistan will require a mandatory negative COVID- ...",Time not specified,https://pakemb.de/category/news/covid-19/
145,"Health Alert- U.S. Mission to Pakistan (January 8, 2024)",08-Jan-2024,Travel Advisory Level 3: Reconsider Travel Travel Advisory Level 3: Reissued with updates to health information. ... Pakistan. Event: COVID-19 ...,https://pk.usembassy.gov/health-alert-u-s-mission-to-pakistan-january-8-2024/
146,Pakistani BLS Spain Visa: Welcome to the Official Website Spain ...,"... Pakistan, Spain Visa for Pakistani Passport Holder, Business Visa to Spain from Pakistan ... Travel Insurance is mandatory for travelling to Spain. You may get ...",Time not specified,https://pak.blsspainvisa.com/
147,Integrated Border Management System - Federal Investigation Agency,... Pakistan's image globally. Crime feeds upon the inability of states to ensure reliable identity/credible travel documents for its citizens and visas for ...,Time not specified,https://fia.gov.pk/ibms
148,[PDF] A MANUAL ON TRAVELLING ALLOWANCE RULES - AGPR,"Director General, Pakistan Public Administration Research Centre, Islamabad. All rights reserved. No Part of this publication can be reproduced in any form or ...",Time not specified,https://agpr.gov.pk/download/Manual%2520of%2520Travelling%2520Allowance.pdf
149,Adventure Tours Pakistan: Home,Welcome to Adventure Tour Pakistan ... Adventure Tours Pakistan is a travel and tour servicing company that has been in operations for over three decades.,Time not specified,https://atp.com.pk/
150,Everything You Need To Know Before Traveling To Pakistan.,11-Aug-2020,"Pants or trousers with any sort of shirt will be sufficient for men for daily wear. You can wear t-shirts, polos, and formal shirts with no one ...",https://www.unusualtraveler.com/everything-you-need-to-know-before-traveling-to-pakistan/
151,Travel & Study | EEAS - European Union,Passports and visas are issued by the Embassy and/or Consulate of each individual EU Member State. Citizens of Pakistan require a Schengen visa for travelling ...,Time not specified,https://www.eeas.europa.eu/pakistan/travel-study_en%3Fs%3D175
152,Pakistan cancel pre-World Cup Dubai trip due to visas delay,22-Sept-2023,Pakistan cancel pre-World Cup Dubai trip due to visas delay ... Pakistan's plans for a pre-World Cup team-bonding trip to Dubai have been ...,https://www.espncricinfo.com/story/pakistan-change-plans-pre-world-cup-dubai-trip-indian-visas-delay-1399636
153,Travel Vaccines and Advice for Pakistan - Passport Health,Headed to Muscat or Salalah? Passport Health has all the vaccines and advice you need for your trip including rabies and typhoid. Click or tap for more.,Time not specified,https://www.passporthealthglobal.com/ca/destination-advice/pakistan/
154,"CoViD 19 - Embassy of Pakistan, Berlin","Mandatory COVID-19 RT-PCR required prior to travel. Starting 5th October 2020, all International Travelers to Pakistan will require a mandatory negative COVID- ...",Time not specified,https://pakemb.de/category/news/covid-19/
155,Pakistani BLS Spain Visa: Welcome to the Official Website Spain ...,"... Pakistan, Spain Visa for Pakistani Passport Holder, Business Visa to Spain from Pakistan ... Travel Insurance is mandatory for travelling to Spain. You may get ...",Time not specified,https://pak.blsspainvisa.com/
156,"Health Alert- U.S. Mission to Pakistan (January 8, 2024)",08-Jan-2024,Travel Advisory Level 3: Reconsider Travel Travel Advisory Level 3: Reissued with updates to health information. ... Pakistan. Event: COVID-19 ...,https://pk.usembassy.gov/health-alert-u-s-mission-to-pakistan-january-8-2024/
157,Integrated Border Management System - Federal Investigation Agency,... Pakistan's image globally. Crime feeds upon the inability of states to ensure reliable identity/credible travel documents for its citizens and visas for ...,Time not specified,https://fia.gov.pk/ibms
158,[PDF] A MANUAL ON TRAVELLING ALLOWANCE RULES - AGPR,"Director General, Pakistan Public Administration Research Centre, Islamabad. All rights reserved. No Part of this publication can be reproduced in any form or ...",Time not specified,https://agpr.gov.pk/download/Manual%2520of%2520Travelling%2520Allowance.pdf
159,Adventure Tours Pakistan: Home,Welcome to Adventure Tour Pakistan ... Adventure Tours Pakistan is a travel and tour servicing company that has been in operations for over three decades.,Time not specified,https://atp.com.pk/
160,Everything You Need To Know Before Traveling To Pakistan.,11-Aug-2020,"Pants or trousers with any sort of shirt will be sufficient for men for daily wear. You can wear t-shirts, polos, and formal shirts with no one ...",https://www.unusualtraveler.com/everything-you-need-to-know-before-traveling-to-pakistan/
161,Pakistan cancel pre-World Cup Dubai trip due to visas delay,22-Sept-2023,Pakistan cancel pre-World Cup Dubai trip due to visas delay ... Pakistan's plans for a pre-World Cup team-bonding trip to Dubai have been ...,https://www.espncricinfo.com/story/pakistan-change-plans-pre-world-cup-dubai-trip-indian-visas-delay-1399636
162,Travel & Study | EEAS - European Union,Passports and visas are issued by the Embassy and/or Consulate of each individual EU Member State. Citizens of Pakistan require a Schengen visa for travelling ...,Time not specified,https://www.eeas.europa.eu/pakistan/travel-study_en%3Fs%3D175
163,Pakistan cancel pre-World Cup Dubai trip due to visas delay,22-Sept-2023,Pakistan cancel pre-World Cup Dubai trip due to visas delay ... Pakistan's plans for a pre-World Cup team-bonding trip to Dubai have been ...,https://www.espncricinfo.com/story/pakistan-change-plans-pre-world-cup-dubai-trip-indian-visas-delay-1399636
164,LIST OF DESIGNATED TOUR OPERATORS IN PAKISTAN,"Sehri Travels & Tourism, Peshawar. 13. Pakistan Tours Ltd., PTL. Flashman Hotel, Rawalpindi. 14. Muital Travel & Tourism, Int., (Pvt) Ltd, Office No. 10 ...",Time not specified,https://mofa.gov.pk/press-releases/list-of-designated-tour-operators-in-pakistan
165,Book a transport - Pakistan Travel Places,"To execute your plans in the right way, let us be a reliable partner in your journey. Pakistan Travel Places provides comfortable and luxurious transport to you ...",Time not specified,https://pakistantravelplaces.com/book-a-transport/
166,Sabre Travel Network Pakistan - LinkedIn,Sabre Travel Network Pakistan | 535 followers on LinkedIn. A leading software and technology company that powers the global travel industry.,Time not specified,https://pk.linkedin.com/company/sabrepakistan
167,20 delicious reasons to visit Pakistan - CNN,"Pakistan is a country passionate about its food, which is full of flavor and ... Travel · Destinations · Food & Drink · Stay · News · Videos · Sports",Pro ...,https://www.cnn.com/travel/article/pakistan-best-food/index.html
168,Pass Track,Government of Pakistan. Enter Email Address / Mobile Number ای میل ایڈریس / موبائل نمبر درج کریں. Enter Password پاس ورڈ درج کریں. Remember Me. Sign In. Forget ...,Time not specified,https://passtrack.nitb.gov.pk/
169,The Perfect One Month Pakistan Itinerary! (Insider Tips) -,21-Aug-2022,Traveling to Pakistan? Here's the IDEAL Pakistan itinerary to see the very best of the country. Includes a map and Pakistan travel tips!,https://intentionaldetours.com/pakistan-itinerary/
170,Inter Provincial Coordination Division,Department of Tourist Services' Flag-hoisting and cake cutting ceremony with representatives of Pakistan tour operators association &hotels association ...,Time not specified,https://ipc.gov.pk/
171,Ghoomo Phiroo: Best Travel Agency in Lahore & Tour Guide in ...,Ghoomo Phiroo is well known travel agency in Lahore that offering reliable tour services in Pakistan. Over travel agents specializes in organize best tour ...,Time not specified,https://ghoomophiroo.com/
172,Pakistan High Commission - London,Useful Information · British Pakistan Student Portal · Pak UK Relations · About Pakistan · Trade & Investment · Travel & Tourism · Kashmir Dispute,Community Affairs ...,https://www.phclondon.org/
173,Travel Vaccines and Advice for Pakistan - Passport Health,Headed to Muscat or Salalah? Passport Health has all the vaccines and advice you need for your trip including rabies and typhoid. Click or tap for more.,Time not specified,https://www.passporthealthglobal.com/ca/destination-advice/pakistan/
174,Travel Grants for Development - Pakistan Science Foundation,A requisite for this grant is Oral Presentation of original research work at the top international conferences as invited speaker or to give plenary talk/lead ...,Time not specified,https://psf.gov.pk/travel-grants-development.aspx
175,Pakistan (Domestic) - PIA | Great People to Fly With,"Fare Conditions applicable on travel within Pakistan. The charges mentioned apply to each passenger on the itinerary (adult, child and/or infant occupying a ...",Time not specified,https://www.piac.com.pk/domestic-rules
176,Passport Types - DGI&P,23-Oct-2023,Official Passport; Diplomatic Passport; Emergency Travel Document. 1. Ordinary Passport. Ordinary Passport is issued to all Citizens of Pakistan ...,https://dgip.gov.pk/passport/types.php
177,Tourism | Pakistan Embassy Tokyo Japan,"Ziarat. Pakistan has a number of beautiful valleys, enchanting their spectators with enthralling beauty but Ziarat is an important and an archaic treasure of ...",Time not specified,https://www.pakistanembassytokyo.com/content/tourism
178,"Pakistan: Travel Guide to Islamabad, Karachi, Lahore - Thread & So",31-May-2019,"Much like Karachi, we stayed with family in Islamabad. However, Islamabad has a wonderful selection of hotels and is an especially safe city.",https://www.threadandso.com/pakistan-travel-guide-to-islamabad-karachi-lahore/
179,97% decrease in the number of tourist arrivals in Pakistan from 2011 ...,97% decrease in the number of tourist arrivals in Pakistan from 2011-2020– Pakistan Statistical Yearbook 2022. Abstract. According to the World Travel and ...,Time not specified,https://gallup.com.pk/post/33844
180,Visa Free Countries for Pakistani Passport Holders - VisaGuide.World,This means that Pakistani citizens can travel visa-free to 14 countries in the world. ... Where Can Pakistani Passport Holders Travel Without a Visa? As of ...,Time not specified,https://visaguide.world/visa-free-countries/pakistani-passport/
181,Why Pakistan Can Become the #1 Travel Destination in the World,04-Apr-2019,"This isn't my typical video. Yesterday, I had a chance to speak in front of the Prime Minister of ...Duration: 4:41Posted: 04-Apr-2019",https://www.youtube.com/watch%3Fv%3DAeSadjRblyM
182,"Pakistan Online Visa - Consulate General of Pakistan, Chicago",MUST possess a valid Pakistani visa/NICOP before traveling to Pakistan. They CANNOT travel on their parent's passports. Visa will be granted between 5 and 7 ...,Time not specified,https://cgpkchicago.org/pakistan-online-visa/
183,Pakistan - Outbound Travel Alerts - Security Bureau,30-Oct-2023,Residents who intend to visit the country should adjust their travel plans and avoid non-essential travel such as leisure travel. Those already ...,https://www.sb.gov.hk/eng/ota/note-Pakistan.html
184,Pakistan Malaria Map - Fit for Travel,Information on how to stay safe and healthy abroad. About us. · Home · Destinations · Asia (Central),Pakistan; Pakistan Malaria Map.,https://www.fitfortravel.nhs.uk/destinations/asia-central/pakistan/pakistan-malaria-map
185,[PDF] Air Travel Vaccination Regime June 15 2023,This is with reference to our earlier instructions containing COVID-19 vaccination guidelines concerning air travel to/from Pakistan. 2. As informed by the ...,Time not specified,https://caapakistan.com.pk/upload/Air%2520Travel%2520Vaccination%2520Regime%2520June%252015%25202023.pdf
186,Saudi Arabia advises citizens against travel to 25 countries ...,05-Dec-2023,"Saudi Arabia has issued a notice to its citizens, advising against travel to 25 countries, among them Pakistan, Afghanistan, Bangladesh, ...",https://www.samaa.tv/208735764-saudi-arabia-advises-citizens-against-travel-to-25-countries-including-pakistan
187,Pakistan Tours - Rocky Road Travel,Visit Pakistan and take part in one of the world's great road trips with our Karakoram Highway tours. There is a lot to see and experience when you book ...,Time not specified,https://www.rockyroadtravel.com/pakistan-tours/
188,Release of foreign exchange for travel abroad - State Bank of Pakistan,The Private Travel Exchange Quota for adults will be US$ 50 per day subject to a maximum of US$ 2100 per calendar year. Children below 2 years of age and those ...,Time not specified,https://www.sbp.org.pk/epd/1993/c65.htm
189,Pakistan slaps travel ban on ex-PM Imran Khan amid row with army,26-May-2023,"Pakistan slaps travel ban on ex-PM Imran Khan amid row with army. Federal Investigation Agency bans Khan, his wife and hundreds of PTI leaders ...",https://www.aljazeera.com/news/2023/5/26/pakistan-slaps-travel-ban-on-ex-pm-imran-khan-amid-row-with-army
190,Is Pakistan Safe? Essential Travel Tips for Visitors - World Nomads,14-May-2021,"While the province itself is generally safe from terrorism and foreign tourists can now visit the cities of Muzaffarabad and Mirpur, towns and ...",https://www.worldnomads.com/travel-safety/southern-asia/pakistan/areas-to-avoid-in-pakistan
191,Technical aspects for Visa processing - Pakistani Passport Holders,polio Vaccination requirement for travel to India. The High Commission of India follows a streamlined process while considering visa requests from Pakistani ...,Time not specified,https://www.india.org.pk/pages.php%3Fid%3D114
192,Pakistan Passport Dashboard | Passport Index 2024,Travel visa checker · Android Mobile app · Newsletter · Passport Visa About FAQ Contact Reports,EN FR DE ES PT RU 中文 VN. Pakistan PASSPORT DASHBOARD.,https://www.passportindex.org/passport/pakistan/
193,Pakistan Passport Dashboard | Passport Index 2024,Travel visa checker · Android Mobile app · Newsletter · Passport Visa About FAQ Contact Reports,EN FR DE ES PT RU 中文 VN. Pakistan PASSPORT DASHBOARD.,https://www.passportindex.org/passport/pakistan/
194,"US, UK, Canada Issue Travel Advisories For Citizens In Pakistan",10-May-2023,"The United States, United Kingdom and Canada have issued new travel advisories for their citizens citing political unrest following the ...",https://www.ndtv.com/world-news/imran-khan-arrest-pakistan-unrest-us-uk-canada-issue-travel-advisories-for-citizens-in-pakistan-4020477
195,Visa: General Information - Federal Foreign Office,logo German Missions in Pakistan ... Please first read the German Mission´s Important notes to our visitors. Pakistani citizens need a visa to travel to Germany.,Time not specified,https://pakistan.diplo.de/pk-en/service/-/2208622
196,Miniso Pakistan Official Store,Miniso Pakistan. 0 · LOGIN. New User? Register Now · Home · New Arrivals ... Mickey Mouse Collection Travel Kit（7PCS）,Add to ...,https://miniso.pk/
197,Daewoo Pakistan Express Bus Service | Daewoo Pakistan Express ...,"Our Mobile App makes it simple, easy, hassle free to travel. purchase ticket. X. --Select Departure--, LAHORE THOKAR, LAHORE KALMA CHOWK, RAWALPINDI, MULTAN ...",Time not specified,https://daewoo.com.pk/
198,Pakistan Launches First-Ever National Tourism Brand - Skift,07-Aug-2023,"Pakistan Launches First-Ever National Tourism Brand ... Pakistan has launched a national tourism brand — Salam Pakistan, a first for the country ...",https://skift.com/blog/pakistan-launches-first-ever-national-tourism-brand/
199,Travel requirements | Qatar Airways,Planning a trip? Find the travel & visa requirements before booking and ensure ... Pakistan English · Philippines English · Singapore English,Sri Lanka English ...,https://www.qatarairways.com/en/travel-alerts/requirements.html
200,Road Master Premium Bus Service Pakistan | Road Master Cargo,Road Master is not just a premium bus service; it is an inter-city transport experience that put its customers first. We aim to transform the travelling ...,Time not specified,https://roadmaster.pk/
201,Apply for a U.S. Visa | Schedule My Appointment - Pakistan (English),"Supporting Documents. To schedule a nonimmigrant visa appointment, you must have the following information and documents available: A passport valid for travel ...",Time not specified,https://www.ustraveldocs.com/pk/pk-niv-appointmentschedule.asp
202,Pakistan get government clearance to travel to India for 2023 ODI ...,06-Aug-2023,Pakistan get government clearance to travel to India for 2023 ODI World Cup ... Pakistan will send their cricket team to India for the 2023 men's ...,https://www.espncricinfo.com/story/pakistan-get-government-clearance-to-travel-to-india-for-2023-odi-world-cup-1391135
203,Is Pakistan Safe For Women Travelers? - Here's What It's REALLY Like,08-Mar-2021,... travel plans to Pakistan: Is Pakistan safe for women travelers? The hesitance female travelers may feel about traveling to Pakistan doesn't ...,https://thespicytravelgirl.com/is-pakistan-safe-for-women-travelers/
204,Pakistan get government clearance to travel to India for 2023 ODI ...,06-Aug-2023,Pakistan get government clearance to travel to India for 2023 ODI World Cup ... Pakistan will send their cricket team to India for the 2023 men's ...,https://www.espncricinfo.com/story/pakistan-get-government-clearance-to-travel-to-india-for-2023-odi-world-cup-1391135
205,A guide to solo female travel in Pakistan - Against the Compass,"Always cover your arms and legs. There is no need to cover your hair, but a dupatta is always necessary to enter mosques and useful for social moments or ...",Time not specified,https://againstthecompass.com/en/solo-female-travel-pakistan/
206,Pakistan Tourism Development Corporation - PTDC (@PtdcOfficial) / X,Pakistan Tourism Development Corporation (PTDC) is prime public sector organization at Federal level geared to promote tourism nationally and ...,Time not specified,https://twitter.com/PtdcOfficial
207,AirSial Limited - The Pride of Pakistan,Travel Assistance during COVID-19. Avoid travelling to affected areas unless necessary. Make sure you have all necessary vaccinations and travel medication.,Time not specified,https://www.airsial.com/
208,Pakistan & the Karakoam Higfway 7 (LONELY PLANET PAKISTAN),Rating  4.2  (36)  ,US$24.73Paul Clammer is a travel writer and guidebook author. He has written or contributed to more than 40 guidebooks for Lonely Planet and Bradt Travel Guides.,https://www.amazon.com/Lonely-Pakistan-Karakoram-Highway-Country/dp/1741045428
209,Pakistan Cricket Board (PCB) Official Website,The Pakistan Cricket Board (PCB) is the central industry for cricket in Pakistan which deals with all the concerned matters of Pakistan cricket and ...,Time not specified,https://www.pcb.com.pk/
210,U.S. envoy's Gwadar tour shows Pakistan's evolving China strategy,25-Sept-2023,"Donald Blome, the American ambassador to Pakistan, earlier this month made the first visit to Gwadar by a U.S. diplomat since a brief stop by ...",https://asia.nikkei.com/Politics/International-relations/U.S.-envoy-s-Gwadar-tour-shows-Pakistan-s-evolving-China-strategy
211,Is Pakistan SAFE to Visit in 2023? (Honest Advice),14-Jan-2022,This doesn't mean travel in Pakistan is super easy. But if you do proper research and follow the same safety tips you would when traveling ...,https://intentionaldetours.com/is-pakistan-safe/
212,FOG (Motorway) Conditions - Pakistan Meteorological Department,"Issue Date: 18 Feb, 2024 · Peshawar - Islamabad (M1) · Islamabad - Lahore (M2) · Lahore - Abdul Hakim (M3) · Sialkot - Lahore (M11)",Pindi Bhattian - Faisalabad - ...,https://nwfc.pmd.gov.pk/new/fog-motorways.php
213,Cheap Flights to Pakistan - Pegasus Airlines,Surrounding Countries · Transportation to/from Jinnah International Airport · Public Transport,Is there a tourist travel card in Pakistan?,https://www.flypgs.com/en/countries/flights-to-pakistan
214,PAKISTAN'S TOURIST ATTRACTIONS - Diplomat Magazine,31-Mar-2020 · PAKISTAN'S TOURIST ATTRACTIONS · World view of tourism potential in Pakistan · Five of the world's highest mountain peaks,Highest Trade Route ...,https://diplomatmagazine.com/pakistans-tourist-attractions/
215,Is it safe for a foreign lady tourist to travel in Pakistan in 2023? - Quora,21-Aug-2022,"Yes, absolutely yes. Its safe for everyone who loves to travel, indeed, government policies regarding safe and cooperative environment for every ...",https://www.quora.com/Is-it-safe-for-a-foreign-lady-tourist-to-travel-in-Pakistan-in-2023
216,Alpha Travel Pakistan | LinkedIn,"The journey of a thousand miles begins with a single step. | Learn more about Alpha Travel Pakistan's work experience, education, connections & more by ...",Time not specified,https://pk.linkedin.com/in/alpha-travel-pakistan-b8280a24b
217,"Online Tickets Booking, Pakistan's #1 E Ticketing Platform","Pakistan's leading online ticket booking platform. Buy E-tickets for bus, flight, movie, hotel & cricket with discounts and deals.",Time not specified,https://bookme.pk/
218,Fly Jinnah,"... Pakistan. Image. True value. Fly Jinnah focuses on offering customers comfort, reliability, and value-for-money air travel. Pakistan is Fly Jinnah's home and ...",Time not specified,https://www.flyjinnah.com/
219,State Life Ins. Corp Of Pak - Home,Individual Life Plans · Health Insurance · Group Life & Pension Plans · Pakistan Citizen Portal · Insurance Plans For Gulf · Bancassurance,Complaints Resolution ...,https://www.statelife.com.pk/
220,Austrian Embassy Islamabad – BMEIA - Außenministerium Österreich,"Are you planning to travel abroad? What if there is a crisis while you are ... Islamabad, Pakistan Tel.: +92 (51) 8770 700. Fax: +92 (51) 8350 992. Directions ...",Time not specified,https://www.bmeia.gv.at/en/austrian-embassy-islamabad
221,Visa Information For Foreigners / Republic of Türkiye Ministry of ...,Please note that e-visa is only valid when the purpose of travel is tourism or commerce. ... Pakistan: Official passport holders are exempted from visa for their ...,Time not specified,https://www.mfa.gov.tr/visa-information-for-foreigners.en.mfa
222,The Importance of Blue Diplomacy and Pakistan,16 hours ago,Pakistan Navy. Pakistan Navy has also deciding upon developing a marine tourism which can help Pakistan in order to boost its economy. The ...,https://moderndiplomacy.eu/2024/02/18/the-importance-of-blue-diplomacy-and-pakistan/
223,Visa Information For Foreigners / Republic of Türkiye Ministry of ...,Please note that e-visa is only valid when the purpose of travel is tourism or commerce. ... Pakistan: Official passport holders are exempted from visa for their ...,Time not specified,https://www.mfa.gov.tr/visa-information-for-foreigners.en.mfa
224,Promoting tourism in Pakistan - LinkedIn,08-Sept-2023,"Utilize social media platforms, websites, and blogs to share captivating visuals, stories, and travel tips. Engage with potential travelers ...",https://www.linkedin.com/pulse/promoting-tourism-pakistan-rafiqa-baig
225,"Pakistan (Travel Restrictions, COVID Tests & Quarantine ...",16-Dec-2021,Travel Restrictions ... Vaccination Requirements: Individuals aged 18 and above to be allowed domestic and international air travel only if they ...,https://blog.wego.com/pakistan-travel-restrictions-and-quarantine-requirements/
226,Flight Tickets & Offers - Book Online | Jazeera Airways Pakistan,Discover our flight offers & deals. Book your ticket online with Jazeera Airways Pakistan to enjoy amazing prices and convenient travel schedules.,Time not specified,https://www.jazeeraairways.com/en-pk
227,The JAPAN eVISA system (electronic visa),01-Feb-2024,... tour organized by designated travel agencies.) (Note: Visa application must be made through the travel agencies accredited by the Japanese ...,https://www.mofa.go.jp/j_info/visit/visa/visaonline.html
228,Tourist Visa - Saudia,Pakistan. English. Flag. Philippines. English. Q. Flag. Qatar. English; العربية. S ... Travel Information >. Baggage · Special Assistance,Tourist Visa. > Health ...,https://www.saudia.com/pages/before-flying/travel-information/hajj-and-umrah/tourist-visa
229,Travel Insurance for Pakistan - InsureMyTrip,21-Sept-2023,"Pakistan does not require visitors to purchase travel insurance to enter the country, though travelers often choose to be protected during trips ...",https://www.insuremytrip.com/destinations/pakistan-travel-insurance/
230,Eligibility to apply for a visitor visa - Canada.ca,"19-Jan-2024 · have a valid travel document, like a passport · be in good health · have no criminal or immigration-related convictions",convince an immigration ...,https://www.canada.ca/en/immigration-refugees-citizenship/services/visit-canada/eligibility.html
231,Embassy of Portugal in Pakistan,20-Dec-2023,Portugal should be your destination to study or research. Find out here what makes us different and why creative people choose Portugal. Tourism ...,https://islamabad.embaixadaportugal.mne.gov.pt/en/
232,中华人民共和国驻巴基斯坦伊斯兰共和国大使馆,... 国际合作高峰论坛,"友情链接. 中华人民共和国驻巴基斯坦共和国大使馆版权所有地址：No.1, Zhou-Enlai Avenue, Diplomatic Enclave(Extension), Islamabad, Pakistan.",http://pk.china-embassy.gov.cn/
233,Temporary Mobile Registration System Launched - PTA,This initiative aims to facilitate overseas Pakistanis and foreign nationals visiting Pakistan by allowing them to register and utilize their personal mobile ...,Time not specified,https://www.pta.gov.pk/en/media-center/single-media/temporary-mobile-registration-system-launched-190723
234,Welcome - ALBARAKA,Al Baraka Bank Pakistan Limited has joined hands with leading travel agents to bring unmatched travel products for its customers that are not only Riba-free ...,Time not specified,https://www.albaraka.com.pk/
235,13 tourists' facilitation centres set up in Murree to help tourists,8 minutes ago,Tourists were being given information about weather updates and travel advisories at all entry points of ... Pakistan Today. All Rights Reserved.,https://www.pakistantoday.com.pk/2024/02/18/13-tourists-facilitation-centres-set-up-in-murree-to-help-tourists/
236,"Think Tank Says Pakistan Debt Unsustainable, Urges Climate Swaps",7 hours ago,"Chinese stocks look poised for a strong open when onshore traders return from the Lunar New Year break, with buoyant travel and tourism data ...",https://www.bloomberg.com/news/articles/2024-02-18/think-tank-says-pakistan-debt-unsustainable-urges-climate-swaps
237,Pakistan's Top & Bottom Tourist Spots Ranked,1 day ago,Explore the best and the less impressive spots across Pakistan! Discover breathtaking tourist attractions Pakistan has to offer and know ...,https://zacjohnson.com/breathtaking-tourist-attractions-pakistan/
238,"Press Releases | National Weather Forecasting Centre, Islamabad","Pakistan Meteorological Department. Sunday, 18 February 2024; nwfc@pmd.gov.pk; 92-51-111 638 638 ... © NWFC, Pakistan Meteorological Department. Powered By IT ...",Time not specified,https://nwfc.pmd.gov.pk/new/press-releases.php
239,"Taliban FM to meet Pakistan, China foreign ministers: Media",02-May-2023,Taliban's interim foreign minister gets UN clearance to travel for meeting with counterparts in Pakistan.,https://www.aljazeera.com/news/2023/5/2/taliban-fm-to-meet-pakistan-china-foreign-ministers-media
240,Best Places to Visit and Things to do in Pakistan - YouTube,26-Dec-2023,"Pakistan Travel Guide - Best Places to Visit and Things to do in Pakistan Pakistan, officially the ...Duration: 9:30Posted: 26-Dec-2023",https://www.youtube.com/watch%3Fv%3DVMnLD8OSqko
241,Dubai Visa in Pakistan: Visit Visa Fees and Requirements - DTravel,"For those planning a leisure trip, a tourist visa is ideal. Discover the nuances of applying for a Dubai tourist visa, including the specific documents you'll ...",Time not specified,https://dtravel.pk/visas/dubai
242,Pakistan extends travel restrictions as coronavirus cases continue to ...,28-Feb-2021,The PCAA said that all countries not listed in Category A or C fall under Category B and visitors from these countries to Pakistan require a ...,https://www.hindustantimes.com/lifestyle/travel/pakistan-extends-travel-restrictions-as-coronavirus-cases-continue-to-rise-101614482307627.html
243,Federal Investigation Agency,"IMPORTANT LINKS OVERSEAS PAKISTANI FOUNDATION TRAVEL GUIDE PENSIONER'S GUIDE ... FIA has a rich legacy of safeguarding the interests of Pakistan, and I am ...",Time not specified,https://www.fia.gov.pk/
244,Passport of Pakistan | Rank = 91 | Passport Index 2024 | How ...,The passport of Pakistan is ranked 91 in the world by the 2024 Passport Index ... Travel visa checker,EN FR DE ES PT RU 中文 VN; © 2024 PASSPORTINDEX.ORG.,https://www.passportindex.org/%3Fcountry%3Dpk
245,Travel Pakistan,Travel Pakistan-. Destinations. 19854. Travel Pakistan-. Login or Register. Destinations. To navigate the map with touch gestures double-tap ...,Time not specified,https://www.travelling.pk/
246,Pakistan terminate fast bowler's central contract - ICC Cricket,3 days ago,... contract terminated following a probe into his refusal to join Pakistan's Test squad for the Australia tour.,https://www.icc-cricket.com/news/pakistan-terminate-fast-bowler-s-central-contract
247,Securities & Exchange Commission of Pakistan (SECP),Commission of Pakistan. Securities and Exchange Commission of Pakistan. Lodge Your Query/Complaint. Please only use Google Chrome or Mozilla Firefox to lodge ...,Time not specified,https://www.secp.gov.pk/
248,Pakistan Travel Guide,"Secure, easily approachable busiest, finest, full of variety and enjoying atmosphere both in Summers and Winters, people love to eat delicious food, shopping ...",Time not specified,https://www.pakistantravelguide.pk/category/pakistan/
249,Pakistan vote elevates Belt and Road critic in key port of Gwadar,10 hours ago · Read Next. Pakistan elections · Pakistan coalition nominates Shehbaz Sharif to be next PM · International relations,U.S. envoy's Gwadar tour ...,https://asia.nikkei.com/Politics/Pakistan-elections/Pakistan-vote-elevates-Belt-and-Road-critic-in-key-port-of-Gwadar
250,How to Travel on a Budget in Pakistan? | Zameen Blog,Top Tips to Travel on a Budget in Pakistan · Planning Trips During Off-Peak Seasons · Travelling to Cheaper Destinations · Using Frequent Flier Miles,Buying ...,https://www.zameen.com/blog/tips-travel-budget-pakistan.html
251,Tourism Jobs in Pakistan - 3 Vacancies Feb 2024 - Drjobpro.com,2 days ago,3 Tourism Jobs in Pakistan at Drjobpro.com. Apply to vacancies in Pakistan at world's largest job site!,https://www.drjobpro.com/pakistan/tourism-jobs
252,Pakistan's Fly Jinnah announces launch of first international flight to ...,6 hours ago,"The inaugural flight carried Fly Jinnah's senior leadership, travel agents, media representatives, and social media influencers.",https://www.arabianbusiness.com/industries/transport/pakistans-fly-jinnah-announces-launch-of-first-international-flight-to-sharjah
253,Travel agent portal - Fly Jinnah,Please click here to login to the travel agent portal.Become a Travel agent ... We are currently flying domestic within Pakistan. Stay tuned to know more ...,Time not specified,https://www.flyjinnah.com/travel-agent-portal
254,Pakistan Tourist Visa | Step by Step Guide - 2024,5. What do I need for Pakistan tourist visa application? · Passport · Photograph,Trekking Application-Form (It is required if the application is made under ...,https://www.pakistantravelblog.com/pakistan-tourist-visa/
255,Pakistan tourism industry and challenges: a review,05-Dec-2017,"Pakistan has rich potential of tourism due to its rich culture, geographical and biological diversity, and history. Tourism has developed as an ...",https://www.tandfonline.com/doi/abs/10.1080/10941665.2017.1410192
256,Pakistan elections - Department of Foreign Affairs and Trade,10-Feb-2024,International COVID-19 Vaccination Certificate. Prove your COVID-19 vaccinations when you travel overseas. ... Passports. The Australian Passport ...,https://www.dfat.gov.au/news/media-release/pakistan-elections
257,Passport Tracking - Consulate General of Islamic Republic of Pakistan,NADRA(NICOP/POC/FRC etc.) Pakistan E-visa Portal · Online Power of Attorney,Covid-19 Travel Information. Follow us.,https://www.pakmissionfrankfurt.de/mrp_tracking
258,PRs to restore Quetta-Lahore Akbar Bugti Express in March,49 minutes ago,"Responding to a question, he said in a bid to accommodate passengers, Pakistan Railways expanded the network of its express trains to 96 last ...",https://www.pakistantoday.com.pk/2024/02/18/prs-to-restore-quetta-lahore-akbar-bugti-express-in-march/
259,Pakistan's tourism industry makes headway amid COVID-19 ...,10-Aug-2021,"However, the outbreak of the COVID-19 pandemic direly affected Pakistan's tourism sector in 2020. Despite the limited inflow of tourists from ...",http://www.xinhuanet.com/english/asiapacific/2021-08/10/c_1310119374.htm
260,Travel Guide to Pakistan - YouTube,30-Aug-2017,To say Pakistan is close to our hearts would be a master understatement. It was here in the late ...Duration: 5:39Posted: 30-Aug-2017,https://www.youtube.com/watch%3Fv%3DtKruj66Zaxw
261,Pakistan: Imran Khan picks Omar Ayub as PM nominee - BBC,2 days ago · Pakistan end Rauf's contract for Australia tour refusal. 3 days ago. Cricket,Pakistan election winner gives up 'rigged' seat. 3 days ago. Asia ...,https://www.bbc.com/news/world-asia-68313625
262,COVID-19 delays activities of Pakistan's domestic tourism industry,17-Apr-2020,April 2020: the world is dealing with a health emergency. The World Tourism Organization (UNWTO) has alerted that the COVID-19 pandemic ...,https://blogs.worldbank.org/endpovertyinsouthasia/covid-19-delays-activities-pakistans-domestic-tourism-industry
263,How western travel influencers got tangled up in Pakistan's politics,12-Nov-2020,"Now western travellers had decided Pakistan was worth visiting, and were being treated like saviours. In November 2018, around the time Zu Beck ...",https://www.theguardian.com/news/2020/nov/12/western-travel-influencers-social-media-pakistan-politics
264,Visas - Consular section - Embassy of Portugal in Pakistan,02-Mar-2023,Schengen visas of short-stay; National long-term visas. Which visa suits each situation? If you want to travel to Portugal for: tourism; family ...,https://islamabad.embaixadaportugal.mne.gov.pt/en/consular-section/visas
265,First Impressions of Islamabad || Pakistan Travel Vlog - YouTube,08-Sept-2023,I flew into Islamabad to start my 3 week adventure around Pakistan. The capital city surprised ...Duration: 29:56Posted: 08-Sept-2023,https://www.youtube.com/watch%3Fv%3Dc7G4wHvneaI
266,White Travel Bloggers Are Drawing Attention to Pakistan—But Is ...,01-Dec-2021,"As Pakistan grapples with an influx of mass tourism brought on by foreign travel bloggers, the voices of its locals are missing from the ...",https://www.fodors.com/news/news-and-features/international-travel-bloggers-are-drawing-attention-to-pakistan-but-is-that-a-good-thing
267,Pakistan Gets Serious About Its Tourism Pitch - Skift,30-Jan-2020,Pakistan Gets Serious About Its Tourism Pitch ... Pakistan sees tourism as a way for economic growth.,https://skift.com/2020/01/30/pakistan-gets-serious-about-its-tourism-pitch/
268,Five foreigners who took a chance on Pakistan - The Express Tribune,13-Aug-2016,"The two highly recommend Pakistan to foreign tourists. “Forget your fears – go visit Pakistan. It's far from the easiest country to travel in, ...",https://tribune.com.pk/story/1159561/five-foreigners-took-chance-pakistan
269,"$8 AirPods Pro in Karachi, Pakistan - #Apple - TikTok",1 day ago,いいねの数：45.9Kコメントの数：217。Jack Aynsley Travel (@jackaynsley)のTikTok (テ ...Duration: 3:03Posted: 1 day ago,https://www.tiktok.com/%40jackaynsley/video/7336468756928941314
270,"First Impressions of PESHAWAR, PAKISTAN Travel Vlog - YouTube",03-Sept-2023,"In this vlog, I'm in Peshawar, Pakistan. Peshawar is one of the most traditional, conservative ...Duration: 25:22Posted: 03-Sept-2023",https://www.youtube.com/watch%3Fv%3DEcIWqUz72yI
271,"Pakistan: Paradise for tourism, enjoyment - The Korea Herald",24-Mar-2013,"Pakistan is one of the world's most beautiful countries, with varied cultural and scenic beauty. Visitors can enjoy fully archaeological ...",https://www.koreaherald.com/view.php%3Fud%3D20130324000288
272,Is it REALLY dangerous to take this train in Pakistan? - YouTube,4 days ago,"... travelling from Lahore to Rawalpindi on the Subak Raftar Express, to find out what it's like ...Duration: 15:23Posted: 4 days ago",https://www.youtube.com/watch%3Fv%3DABRP1xH40FY
273,Will Pakistan be removed from red list in travel update? Its chances ...,26-Aug-2021,"Pakistan has been on the red list since April, when it was added along with the Philippines, Kenya and Bangladesh, due to concerns over the ...",https://inews.co.uk/inews-lifestyle/travel/pakistan-red-list-travel-update-removed-will-amber-next-review-announcement-covid-cases-1166838
274,"First Impressions of PESHAWAR, PAKISTAN Travel Vlog - YouTube",03-Sept-2023,"In this vlog, I'm in Peshawar, Pakistan. Peshawar is one of the most traditional, conservative ...Duration: 25:22Posted: 03-Sept-2023",https://www.youtube.com/watch%3Fv%3DEcIWqUz72yI
275,The Most Beautiful Capital City in the World? - YouTube,22-Aug-2023,Join me on a group trip! https://www.dougbarnardtravel.com/trips In this vlog I'm exploring ...Duration: 15:44Posted: 22-Aug-2023,https://www.youtube.com/watch%3Fv%3Dcpgcd0fHrDY
276,Traveling to PAKISTAN: Everything You Need to Know - YouTube,31-Jul-2018,What's Pakistan like? That's a question I get very often from foreign travellers. In this guide ...Duration: 16:27Posted: 31-Jul-2018,https://www.youtube.com/watch%3Fv%3D5dFi2VAUEiI
277,Top 10 Places in Pakistan You CANNOT Miss | Pakistan Travel,08-Sept-2021,Pakistan is a very big and diverse country and there are so many places to see and explore ...Duration: 17:23Posted: 08-Sept-2021,https://www.youtube.com/watch%3Fv%3DcYsgNlBxJZQ
278,Touchdown Australia Travel diary of the Pakistan team from Lahore ...,30-Nov-2023,Touchdown Australia Travel diary of the Pakistan team as the boys travel from Lahore to Down ...Duration: 3:56Posted: 30-Nov-2023,https://www.youtube.com/watch%3Fv%3DK3XiIpBOWDg
279,Is Pakistan Safe? I Went There to Find Out - YouTube,25-Mar-2019,SUBSCRIBE for More Travel Videos: http://bit.ly/2hyQnZ1 Get My Top 100 Travel Pics FREE ...Duration: 3:20Posted: 25-Mar-2019,https://www.youtube.com/watch%3Fv%3DS_NUHA4mElg
280,Why travel media is dangerous for Pakistan's tourism - YouTube,13-Apr-2019,"Pakistan's tourism scene is about to explode, thanks to the power of positive social media ...Duration: 14:24Posted: 13-Apr-2019",https://www.youtube.com/watch%3Fv%3DiudspL1wM_Q
281,BBC Travel Show - Pakistan (WEEK 31) - YouTube,11-Aug-2019,"Share your videos with friends, family, and the world.Duration: 23:08Posted: 11-Aug-2019",https://www.youtube.com/watch%3Fv%3DQwaA4GyOT8E
282,"WHO extends ""travel restrictions"" on Pakistan - YouTube",28-Aug-2023,WHO #PolioCases #Pakistan #TravelRestrictions ARY News is a leading Pakistani news ...Duration: 1:18Posted: 28-Aug-2023,https://www.youtube.com/watch%3Fv%3D1LA_3PpWGf4
283,"First Impressions of KARACHI, PAKISTAN (Overwhelming) - YouTube",15-Jul-2023,Join me on a group trip! https://www.dougbarnardtravel.com/trips In this vlog I'm in Karachi ...Duration: 29:15Posted: 15-Jul-2023,https://www.youtube.com/watch%3Fv%3DlxLW12WLxmo
284,Posh areas of Karachi | Indian in Pak Jai Hind | Ravi Telugu Traveller,2 days ago,... Pakistan Exploration Pakistan people interaction Pakistan food vlogs Pakistan travel vlogs in ...Duration: 27:38Posted: 2 days ago,https://www.youtube.com/watch%3Fv%3DIrlKSOMuvOE
285,I flew to Pakistan as an American Tourist (my first day) - YouTube,07-Sept-2021,What an incredible first day in Pakistan! Today I flew to Karachi Pakistan as an American ...Duration: 16:22Posted: 07-Sept-2021,https://www.youtube.com/watch%3Fv%3DbfHHHMuYCVA
286,We're Ready To Welcome You | Visit Pakistan - YouTube,17-Sept-2021,Pakistan | We're Ready To Welcome You | Visit Pakistan | Pakistan Tourism | Amazing ...Duration: 2:56Posted: 17-Sept-2021,https://www.youtube.com/watch%3Fv%3DMsfuJGfIocw
287,Travel Pakistan with Grip on Trip | Skardu Hunza Naran and Kashmir,03-Jun-2023,To reach me directly kindly contact on the links mention below: Instagram: https://www.instagram ...Duration: 1:10:09Posted: 03-Jun-2023,https://www.youtube.com/watch%3Fv%3DmyGOOpoXles
288,PAKISTAN 3 Week Adventure | Ep1: Islamabad to Nanga ... - YouTube,01-Mar-2023,This was my first time in Pakistan and we went on a 3 week trip travelling through the ...Duration: 44:24Posted: 01-Mar-2023,https://www.youtube.com/watch%3Fv%3Dkz3fnPLwZ30
289,BEST MOMENTS traveling Pakistan - YouTube,06-Feb-2022,"In this video, I share with you guys my best moments as I travel around the beautiful country of ...Duration: 1:42:59Posted: 06-Feb-2022",https://www.youtube.com/watch%3Fv%3DZf3cP5Yv5oU
290,How Expensive is PAKISTAN? A Budget Travel Guide - YouTube,02-May-2019,"How expensive is Pakistan? In this budget travel guide, I break down my expenses as a ...Duration: 19:31Posted: 02-May-2019",https://www.youtube.com/watch%3Fv%3DCf35IJNTUqA
291,First Experience on Pakistan's LOWEST CLASS Train - YouTube,07-Feb-2024,We Spent 12 Hours on India's $30 FIRST CLASS Sleeper Train | New Delhi to Varansi. Jack ...Duration: 1:28:11Posted: 07-Feb-2024,https://www.youtube.com/watch%3Fv%3D1ujGHwV0100
292,How to Travel NORTHERN PAKISTAN in 5 Days - YouTube,21-Mar-2020,Thank you to @zee and CPIC Global for inviting us to travel around northern Pakistan. On the ...Duration: 11:53Posted: 21-Mar-2020,https://www.youtube.com/watch%3Fv%3Dvev42O-l7Lg
293,The Capital of Khyber Pakhtunkhwa: Peshawar || Pakistan Travel Vlog,10-Jun-2023,"Most of my trip to Pakistan was spent in the mountains, but I knew my trip would not be ...Duration: 30:14Posted: 10-Jun-2023",https://www.youtube.com/watch%3Fv%3D394eojfIbPs
294,I Flew FROM INDIA to PAKISTAN! - YouTube,16-Dec-2020,I fly from India to Pakistan and meet a bunch of Pakistanis along the way! My second trip to ...Duration: 15:43Posted: 16-Dec-2020,https://www.youtube.com/watch%3Fv%3DzM2wZRRKVO8
295,"ULTIMATE 16-HOUR PAKISTANI FOOD Tour in Lahore, Pakistan!",11-Nov-2018,Thank you to Ali (Pakistan Travel Market): https://goo.gl/VY6NjH SUBSCRIBE for 2 new videos ...Duration: 35:23Posted: 11-Nov-2018,https://www.youtube.com/watch%3Fv%3DXdya8eym9nM
296,పాకిస్తాన్ బస్తీ లో | Pakistan తిండి ధరలు | Grocery prices in Karachi,4 hours ago,తమిళ హిందూ ఫ్యామిలీ | Tamil Hindu Family Home Tour in Pakistan | Karachi | Ravi Telugu Traveller ...Duration: 25:40Posted: 4 hours ago,https://www.youtube.com/watch%3Fv%3D3o5r81knny0
297,"""PAKISTAN"" Top 50 Tourist Places | Pakistan Tourism - YouTube",25-Aug-2019,Pakistan (Things to do - Places to Visit) - PAKISTAN Top Tourist Places A country in South ...Duration: 7:02Posted: 25-Aug-2019,https://www.youtube.com/watch%3Fv%3D_6tS8FhY1qY
298,You Need Armed Police Escort in This Pakistan City - YouTube,2 days ago,"Multan, Pakistan a city where tourists rarely ever visit. As we attempted to step out of our hotel ...Duration: 1:05:00Posted: 2 days ago",https://www.youtube.com/watch%3Fv%3DvxrJmaNBvns
299,Why This Girl Is Making a TRAVEL SHOW about PAKISTAN - YouTube,18-Dec-2018,"This is the first English-language, interactive, social media travel show about Pakistan. It's an ...Duration: 4:54Posted: 18-Dec-2018",https://www.youtube.com/watch%3Fv%3D_GVxX830GyM
300,Why I Love PAKISTAN with Eva Zu Beck (Pakistan Travel) - YouTube,19-Jun-2021,MORE PODCAST EPISODES - https://www.zibaadventures.com/podcast/ Eva Zu Beck talks with ...Duration: 10:52Posted: 19-Jun-2021,https://www.youtube.com/watch%3Fv%3D2vJmP3y1o4k
301,Islamabad To Chitral: Road Trip through Swat Valley - YouTube,12-Oct-2019,"Our Pakistan adventure started with a road trip from Islamabad to Chitral, driving through Swat ...Duration: 6:01Posted: 12-Oct-2019",https://www.youtube.com/watch%3Fv%3DpGT9u7kh9Bg
302,Pakistan to India Aate Waqt Sab Hue EMOTIONAL Baut Pyar Mila,11 hours ago · Comments33 · Pakistani Culture Marriage Dekh Kar Maja Aya,Our 1st family trip ...Duration: 20:06Posted: 11 hours ago,https://www.youtube.com/watch%3Fv%3DlQldOLpB_F8
303,My First Vlog Travel About Explore Pakistan - YouTube,24-Jul-2023,"Embark on an unforgettable journey through Pakistan, a land of astonishing landscapes, vibrant ...Duration: 3:01Posted: 24-Jul-2023",https://www.youtube.com/watch%3Fv%3DyPFgnppC1NU
304,Street Food in Peshawar - GOLDEN PULAO Mountain + ... - YouTube,27-Apr-2019,Street Food in Peshawar - GOLDEN PULAO Mountain + Charsi Tikka Kabab + Pakistani Street ...Duration: 19:59Posted: 27-Apr-2019,https://www.youtube.com/watch%3Fv%3DNQDom2gxiVc
305,This African City in Rwanda SURPRISED ME the MOST S7 EP.37,3 days ago,... travel vlog is about my experience of traveling to Kigali which is the ... 25 | Motorcycle Tour ...Duration: 28:40Posted: 3 days ago,https://www.youtube.com/watch%3Fv%3DqqOSqZfh94E
306,Travel to Pakistan Updated Travel Advisory l Updated ... - YouTube,13-Jul-2021 · Travel to Pakistan Updated Travel Advisory l Updated PIA Travel Advisory. 29K views,2 ...Duration: 8:12Posted: 13-Jul-2021,https://www.youtube.com/watch%3Fv%3DozQArjJ-F6U
307,Female travelers visit Pakistan for the first time - YouTube,19-Aug-2020,Who says women can't travel to Pakistan? Here's some highlights from our 2019 women-only ...Duration: 2:32Posted: 19-Aug-2020,https://www.youtube.com/watch%3Fv%3D8LMHXDFbHJg
308,People Are Deprived of Affordable Travel Facility | Pakistan Today,02-Dec-2023,People Are Deprived of Affordable Travel Facility | Pakistan Today ٹرینیں نا آنے کے باعث اسٹیشن ...Duration: 3:08Posted: 02-Dec-2023,https://www.youtube.com/watch%3Fv%3Dlue-yNEVG_Y
309,Pakistan Entry & Exit New Travel Rules - YouTube,20-Aug-2022 · Pakistan Entry & Exit New Travel Rules. 2 views,1 year ago ...more. ANEES KASHIF BHATTI ...Duration: 3:14Posted: 20-Aug-2022,https://www.youtube.com/watch%3Fv%3DJM1iEkeGFus
310,Pakistan - YouTube,4 days ago · Your browser can't play this video. Learn more · Open App. Pakistan. No views,16 hours ...Duration: 0:03Posted: 4 days ago,https://www.youtube.com/watch%3Fv%3DiOnLB3t0dY8
